Experiment,SRA_Sample,Sample_Name,Grupo_analisis,body_site,molecular_data_type,sex,Group,ShortName
SRX567480,SRS626942,GTEX.111CU.0226.SM.5GZXC,1,Thyroid,Allele-Specific Expression,male,NIT,111CU_NIT
SRX615964,SRS644174,GTEX.111FC.1026.SM.5GZX1,1,Thyroid,RNA Seq (NGS),male,NIT,111FC_NIT
SRX563960,SRS625636,GTEX.111VG.0526.SM.5N9BW,3,Thyroid,RNA Seq (NGS),male,ELI,111VG_ELI
SRX564185,SRS625665,GTEX.111YS.0726.SM.5GZY8,1,Thyroid,Allele-Specific Expression,male,NIT,111YS_NIT
SRX559141,SRS624025,GTEX.1122O.0226.SM.5N9DA,1,Thyroid,RNA Seq (NGS),female,NIT,1122O_NIT
SRX561718,SRS625313,GTEX.1128S.0126.SM.5H12S,1,Thyroid,Allele-Specific Expression,female,NIT,1128S_NIT
SRX588467,SRS633874,GTEX.113JC.0126.SM.5EGJW,1,Thyroid,RNA Seq (NGS),female,NIT,113JC_NIT
SRX634479,SRS648886,GTEX.117XS.0526.SM.5987Q,1,Thyroid,Allele-Specific Expression,male,NIT,117XS_NIT
SRX557750,SRS623875,GTEX.117YW.0126.SM.5EGGN,2,Thyroid,RNA Seq (NGS),male,SFI,117YW_SFI
SRX580666,SRS629989,GTEX.117YX.1226.SM.5H11S,1,Thyroid,Allele-Specific Expression,male,NIT,117YX_NIT
SRX558107,SRS623912,GTEX.1192W.0126.SM.5EGGS,1,Thyroid,RNA Seq (NGS),male,NIT,1192W_NIT
SRX558621,SRS623967,GTEX.1192X.1126.SM.5EGGU,1,Thyroid,RNA Seq (NGS),male,NIT,1192X_NIT
SRX568083,SRS627069,GTEX.11DXX.0226.SM.5P9HL,1,Thyroid,Allele-Specific Expression,female,NIT,11DXX_NIT
SRX578169,SRS629611,GTEX.11DXY.0426.SM.5H12R,2,Thyroid,RNA Seq (NGS),male,SFI,11DXY_SFI
SRX602081,SRS638199,GTEX.11DXZ.0926.SM.5N9CG,1,Thyroid,Allele-Specific Expression,male,NIT,11DXZ_NIT
SRX572640,SRS627910,GTEX.11DYG.0826.SM.5N9GH,1,Thyroid,RNA Seq (NGS),male,NIT,11DYG_NIT
SRX579805,SRS629854,GTEX.11DZ1.2726.SM.5A5KH,1,Thyroid,Allele-Specific Expression,male,NIT,11DZ1_NIT
SRX603250,SRS638392,GTEX.11EI6.0726.SM.59866,1,Thyroid,Allele-Specific Expression,male,NIT,11EI6_NIT
SRX562525,SRS625453,GTEX.11EM3.0126.SM.5985K,1,Thyroid,RNA Seq (NGS),female,NIT,11EM3_NIT
SRX603313,SRS638411,GTEX.11EMC.0226.SM.5EGLP,1,Thyroid,RNA Seq (NGS),female,NIT,11EMC_NIT
SRX619524,SRS644703,GTEX.11EQ8.0826.SM.5N9FG,2,Thyroid,Allele-Specific Expression,male,SFI,11EQ8_SFI
SRX558144,SRS623916,GTEX.11EQ9.0626.SM.5A5K1,2,Thyroid,RNA Seq (NGS),male,SFI,11EQ9_SFI
SRX567902,SRS627040,GTEX.11GS4.0826.SM.5986J,2,Thyroid,RNA Seq (NGS),male,SFI,11GS4_SFI
SRX579411,SRS629803,GTEX.11GSO.0626.SM.5A5LW,1,Thyroid,RNA Seq (NGS),male,NIT,11GSO_NIT
SRX597647,SRS637302,GTEX.11I78.0526.SM.5986A,1,Thyroid,RNA Seq (NGS),female,NIT,11I78_NIT
SRX605752,SRS639299,GTEX.11LCK.0526.SM.5A5M9,1,Thyroid,Allele-Specific Expression,male,NIT,11LCK_NIT
SRX598448,SRS637651,GTEX.11NSD.0126.SM.5987F,1,Thyroid,RNA Seq (NGS),male,NIT,11NSD_NIT
SRX561875,SRS625332,GTEX.11NUK.1026.SM.5HL5J,1,Thyroid,RNA Seq (NGS),male,NIT,11NUK_NIT
SRX628009,SRS648152,GTEX.11NV4.0626.SM.5N9BR,3,Thyroid,RNA Seq (NGS),male,ELI,11NV4_ELI
SRX559198,SRS624031,GTEX.11O72.2326.SM.5BC7H,2,Thyroid,RNA Seq (NGS),male,SFI,11O72_SFI
SRX573955,SRS628419,GTEX.11OF3.0626.SM.5BC4Y,1,Thyroid,RNA Seq (NGS),male,NIT,11OF3_NIT
SRX578920,SRS629748,GTEX.11P7K.0226.SM.5986Z,1,Thyroid,RNA Seq (NGS),male,NIT,11P7K_NIT
SRX599506,SRS637827,GTEX.11P81.0126.SM.5HL5Y,1,Thyroid,RNA Seq (NGS),female,NIT,11P81_NIT
SRX623839,SRS645913,GTEX.11P82.0226.SM.5HL4O,1,Thyroid,Allele-Specific Expression,male,NIT,11P82_NIT
SRX623224,SRS645844,GTEX.11TT1.1126.SM.5P9GV,1,Thyroid,RNA Seq (NGS),male,NIT,11TT1_NIT
SRX569988,SRS627421,GTEX.11TTK.0826.SM.5N9EG,1,Thyroid,RNA Seq (NGS),female,NIT,11TTK_NIT
SRX616143,SRS644194,GTEX.11TUW.0226.SM.5LU8X,2,Thyroid,RNA Seq (NGS),male,SFI,11TUW_SFI
SRX573497,SRS628349,GTEX.11UD2.0626.SM.5GU6L,1,Thyroid,Allele-Specific Expression,male,NIT,11UD2_NIT
SRX577606,SRS629530,GTEX.11VI4.0226.SM.5GU6C,1,Thyroid,Allele-Specific Expression,female,NIT,11VI4_NIT
SRX619829,SRS644736,GTEX.11XUK.0226.SM.5EQLW,3,Thyroid,RNA Seq (NGS),female,ELI,11XUK_ELI
SRX566425,SRS626596,GTEX.11ZTS.1126.SM.5LU9X,1,Thyroid,Allele-Specific Expression,female,NIT,11ZTS_NIT
SRX576286,SRS629372,GTEX.11ZTT.1026.SM.5EQKF,1,Thyroid,Allele-Specific Expression,female,NIT,11ZTT_NIT
SRX615287,SRS644088,GTEX.11ZVC.0126.SM.5986G,1,Thyroid,RNA Seq (NGS),female,NIT,11ZVC_NIT
SRX576955,SRS629456,GTEX.1211K.0726.SM.5FQUW,2,Thyroid,Allele-Specific Expression,female,SFI,1211K_SFI
SRX564533,SRS625720,GTEX.1212Z.0426.SM.5FQT6,1,Thyroid,Allele-Specific Expression,male,NIT,1212Z_NIT
SRX600771,SRS638002,GTEX.12584.0826.SM.5FQSK,2,Thyroid,RNA Seq (NGS),male,SFI,12584_SFI
SRX598894,SRS637715,GTEX.12696.0326.SM.5EGL4,1,Thyroid,RNA Seq (NGS),male,NIT,12696_NIT
SRX633577,SRS648785,GTEX.1269C.0226.SM.5EGKS,1,Thyroid,RNA Seq (NGS),female,NIT,1269C_NIT
SRX607261,SRS639479,GTEX.12BJ1.0426.SM.5FQSO,2,Thyroid,Allele-Specific Expression,male,SFI,12BJ1_SFI
SRX625108,SRS646053,GTEX.12WSC.0826.SM.5EQ5Q,1,Thyroid,RNA Seq (NGS),male,NIT,12WSC_NIT
SRX615194,SRS644077,GTEX.12WSD.0926.SM.5GCNL,1,Thyroid,Allele-Specific Expression,female,NIT,12WSD_NIT
SRX605452,SRS639261,GTEX.12WSG.0226.SM.5EGIF,2,Thyroid,RNA Seq (NGS),female,SFI,12WSG_SFI
SRX631143,SRS648499,GTEX.12WSH.0226.SM.5GCOG,1,Thyroid,Allele-Specific Expression,male,NIT,12WSH_NIT
SRX607103,SRS639462,GTEX.12WSJ.0326.SM.5GCMT,1,Thyroid,RNA Seq (NGS),female,NIT,12WSJ_NIT
SRX640630,SRS650133,GTEX.12WSK.0926.SM.5CVNQ,1,Thyroid,RNA Seq (NGS),female,NIT,12WSK_NIT
SRX641141,SRS650189,GTEX.12WSL.0626.SM.5GCOY,1,Thyroid,RNA Seq (NGS),male,NIT,12WSL_NIT
SRX631448,SRS648534,GTEX.12WSN.0726.SM.5GCMS,1,Thyroid,Allele-Specific Expression,male,NIT,12WSN_NIT
SRX601535,SRS638117,GTEX.12ZZX.1226.SM.5EGHS,2,Thyroid,RNA Seq (NGS),female,SFI,12ZZX_SFI
SRX567279,SRS626844,GTEX.12ZZY.0826.SM.5EQMT,2,Thyroid,RNA Seq (NGS),male,SFI,12ZZY_SFI
SRX562921,SRS625501,GTEX.12ZZZ.1226.SM.59HK1,1,Thyroid,RNA Seq (NGS),male,NIT,12ZZZ_NIT
SRX599292,SRS637804,GTEX.13111.0226.SM.5EQ55,1,Thyroid,Allele-Specific Expression,male,NIT,13111_NIT
SRX630361,SRS648411,GTEX.13112.0326.SM.5P9IW,1,Thyroid,Allele-Specific Expression,male,NIT,13112_NIT
SRX562679,SRS625471,GTEX.13113.0126.SM.5LZVX,1,Thyroid,RNA Seq (NGS),female,NIT,13113_NIT
SRX641246,SRS650218,GTEX.1313W.0726.SM.5EGK1,1,Thyroid,Allele-Specific Expression,female,NIT,1313W_NIT
SRX632358,SRS648643,GTEX.131XE.0126.SM.5LZVC,1,Thyroid,RNA Seq (NGS),male,NIT,131XE_NIT
SRX596173,SRS636582,GTEX.131XF.1826.SM.5EGKG,2,Thyroid,RNA Seq (NGS),male,SFI,131XF_SFI
SRX561789,SRS625323,GTEX.131XG.0226.SM.5IFG1,2,Thyroid,RNA Seq (NGS),female,SFI,131XG_SFI
SRX571829,SRS627809,GTEX.131XH.0526.SM.5DUX7,1,Thyroid,Allele-Specific Expression,male,NIT,131XH_NIT
SRX572541,SRS627900,GTEX.131YS.0726.SM.5P9G9,2,Thyroid,Allele-Specific Expression,female,SFI,131YS_SFI
SRX604580,SRS639146,GTEX.132AR.1126.SM.5P9GA,1,Thyroid,Allele-Specific Expression,female,NIT,132AR_NIT
SRX604905,SRS639191,GTEX.132NY.1026.SM.5P9IY,1,Thyroid,RNA Seq (NGS),male,NIT,132NY_NIT
SRX599169,SRS637791,GTEX.132QS.0326.SM.5IJFN,1,Thyroid,RNA Seq (NGS),male,NIT,132QS_NIT
SRX605094,SRS639215,GTEX.133LE.0326.SM.5P9G4,1,Thyroid,RNA Seq (NGS),female,NIT,133LE_NIT
SRX570501,SRS627527,GTEX.1399R.0126.SM.5IFEV,1,Thyroid,RNA Seq (NGS),male,NIT,1399R_NIT
SRX634127,SRS648842,GTEX.1399T.0126.SM.5KM15,1,Thyroid,Allele-Specific Expression,male,NIT,1399T_NIT
SRX614161,SRS643950,GTEX.1399U.0326.SM.5P9G5,1,Thyroid,Allele-Specific Expression,female,NIT,1399U_NIT
SRX595327,SRS636334,GTEX.139T6.0326.SM.5J2LY,1,Thyroid,RNA Seq (NGS),male,NIT,139T6_NIT
SRX570939,SRS627702,GTEX.139TS.0126.SM.5K7XJ,1,Thyroid,Allele-Specific Expression,male,NIT,139TS_NIT
SRX597654,SRS637303,GTEX.139UW.0126.SM.5KM1B,2,Thyroid,Allele-Specific Expression,male,SFI,139UW_SFI
SRX560623,SRS624912,GTEX.139YR.1226.SM.5IFEU,1,Thyroid,Allele-Specific Expression,male,NIT,139YR_NIT
SRX623670,SRS645895,GTEX.13CF3.0926.SM.5LZZC,1,Thyroid,RNA Seq (NGS),female,NIT,13CF3_NIT
SRX598907,SRS637716,GTEX.13D11.0226.SM.5LZXL,2,Thyroid,Allele-Specific Expression,female,SFI,13D11_SFI
SRX561460,SRS625222,GTEX.13FH7.0126.SM.5KLZ1,2,Thyroid,Allele-Specific Expression,female,SFI,13FH7_SFI
SRX560993,SRS624999,GTEX.13FHO.0926.SM.5N9EW,1,Thyroid,RNA Seq (NGS),male,NIT,13FHO_NIT
SRX578995,SRS629757,GTEX.13FHP.0926.SM.5L3EC,1,Thyroid,Allele-Specific Expression,male,NIT,13FHP_NIT
SRX571852,SRS627811,GTEX.13FLV.0226.SM.5J2OF,1,Thyroid,Allele-Specific Expression,male,NIT,13FLV_NIT
SRX560129,SRS624514,GTEX.13FLW.0326.SM.5J2M4,1,Thyroid,Allele-Specific Expression,male,NIT,13FLW_NIT
SRX576441,SRS629388,GTEX.13FTW.0626.SM.5IFEX,1,Thyroid,RNA Seq (NGS),male,NIT,13FTW_NIT
SRX583810,SRS631401,GTEX.13FTY.0726.SM.5J2OH,1,Thyroid,Allele-Specific Expression,female,NIT,13FTY_NIT
SRX602822,SRS638320,GTEX.13FXS.0726.SM.5LZXJ,2,Thyroid,RNA Seq (NGS),male,SFI,13FXS_SFI
SRX583491,SRS631331,GTEX.13G51.1226.SM.5K7Z3,1,Thyroid,RNA Seq (NGS),male,NIT,13G51_NIT
SRX589847,SRS634350,GTEX.13IVO.0926.SM.5KLZP,1,Thyroid,Allele-Specific Expression,male,NIT,13IVO_NIT
SRX580140,SRS629907,GTEX.13JVG.0926.SM.5IJE1,1,Thyroid,Allele-Specific Expression,male,NIT,13JVG_NIT
SRX594544,SRS636118,GTEX.13N11.1026.SM.5K7XQ,1,Thyroid,RNA Seq (NGS),female,NIT,13N11_NIT
SRX638272,SRS649781,GTEX.13N1W.0826.SM.5MR5J,1,Thyroid,Allele-Specific Expression,male,NIT,13N1W_NIT
SRX597023,SRS637041,GTEX.13N2G.0726.SM.5MR38,1,Thyroid,RNA Seq (NGS),male,NIT,13N2G_NIT
SRX636382,SRS649557,GTEX.13NYB.0726.SM.5MR4J,1,Thyroid,RNA Seq (NGS),male,NIT,13NYB_NIT
SRX617181,SRS644421,GTEX.13NYC.2426.SM.5MR3K,2,Thyroid,RNA Seq (NGS),male,SFI,13NYC_SFI
SRX631499,SRS648541,GTEX.13NZ8.0226.SM.5J2OK,2,Thyroid,Allele-Specific Expression,female,SFI,13NZ8_SFI
SRX582762,SRS631169,GTEX.13NZ9.1126.SM.5MR37,3,Thyroid,RNA Seq (NGS),male,ELI,13NZ9_ELI
SRX602343,SRS638249,GTEX.13NZA.1026.SM.5MR48,1,Thyroid,Allele-Specific Expression,male,NIT,13NZA_NIT
SRX614680,SRS644012,GTEX.13O1R.0826.SM.5J2MB,2,Thyroid,RNA Seq (NGS),male,SFI,13O1R_SFI
SRX632368,SRS648646,GTEX.13O21.2226.SM.5MR3L,1,Thyroid,Allele-Specific Expression,male,NIT,13O21_NIT
SRX589246,SRS634136,GTEX.13O3O.0926.SM.5KM1F,1,Thyroid,RNA Seq (NGS),female,NIT,13O3O_NIT
SRX640104,SRS650077,GTEX.13O3P.0726.SM.5J2OM,1,Thyroid,Allele-Specific Expression,male,NIT,13O3P_NIT
SRX606882,SRS639436,GTEX.13O3Q.0626.SM.5IJG1,1,Thyroid,RNA Seq (NGS),male,NIT,13O3Q_NIT
SRX572499,SRS627895,GTEX.13O61.0226.SM.5KM52,1,Thyroid,RNA Seq (NGS),male,NIT,13O61_NIT
SRX630799,SRS648466,GTEX.13OVG.0226.SM.5LU93,1,Thyroid,Allele-Specific Expression,male,NIT,13OVG_NIT
SRX637023,SRS649636,GTEX.13OVI.0826.SM.5KLZ8,1,Thyroid,Allele-Specific Expression,female,NIT,13OVI_NIT
SRX629859,SRS648353,GTEX.13OVJ.0626.SM.5J2O2,1,Thyroid,Allele-Specific Expression,female,NIT,13OVJ_NIT
SRX632298,SRS648636,GTEX.13OW5.0626.SM.5J2N2,1,Thyroid,Allele-Specific Expression,male,NIT,13OW5_NIT
SRX621871,SRS645694,GTEX.13OW6.0726.SM.5L3FX,1,Thyroid,RNA Seq (NGS),male,NIT,13OW6_NIT
SRX564057,SRS625649,GTEX.13OW7.0826.SM.5L3EL,1,Thyroid,Allele-Specific Expression,male,NIT,13OW7_NIT
SRX618253,SRS644552,GTEX.13OW8.0126.SM.5IJE5,1,Thyroid,RNA Seq (NGS),male,NIT,13OW8_NIT
SRX628518,SRS648208,GTEX.13PDP.1026.SM.5L3FA,1,Thyroid,RNA Seq (NGS),male,NIT,13PDP_NIT
SRX617167,SRS644419,GTEX.13PL6.1026.SM.5L3E5,1,Thyroid,Allele-Specific Expression,female,NIT,13PL6_NIT
SRX606896,SRS639438,GTEX.13PVQ.0726.SM.5L3GI,1,Thyroid,Allele-Specific Expression,male,NIT,13PVQ_NIT
SRX601210,SRS638072,GTEX.13QBU.0626.SM.5J2OG,1,Thyroid,RNA Seq (NGS),female,NIT,13QBU_NIT
SRX601511,SRS638114,GTEX.13QJC.0826.SM.5RQKC,3,Thyroid,Allele-Specific Expression,female,ELI,13QJC_ELI
SRX577341,SRS629504,GTEX.13RTK.0326.SM.5RQHS,1,Thyroid,RNA Seq (NGS),male,NIT,13RTK_NIT
SRX566455,SRS626599,GTEX.13S86.1126.SM.5RQJX,1,Thyroid,RNA Seq (NGS),male,NIT,13S86_NIT
SRX619322,SRS644679,GTEX.13U4I.0526.SM.5LU59,1,Thyroid,RNA Seq (NGS),female,NIT,13U4I_NIT
SRX590615,SRS634570,GTEX.13VXT.0626.SM.5SIA1,1,Thyroid,RNA Seq (NGS),female,NIT,13VXT_NIT
SRX570143,SRS627437,GTEX.13VXU.0826.SM.5KLZ2,1,Thyroid,Allele-Specific Expression,male,NIT,13VXU_NIT
SRX607930,SRS639555,GTEX.13W46.0926.SM.5LU3T,1,Thyroid,RNA Seq (NGS),male,NIT,13W46_NIT
SRX618348,SRS644565,GTEX.13X6H.0526.SM.5LU4Q,1,Thyroid,RNA Seq (NGS),female,NIT,13X6H_NIT
SRX563972,SRS625639,GTEX.13X6J.0826.SM.5LU32,1,Thyroid,Allele-Specific Expression,male,NIT,13X6J_NIT
SRX582988,SRS631257,GTEX.13YAN.0926.SM.5O9C3,1,Thyroid,RNA Seq (NGS),male,NIT,13YAN_NIT
SRX629275,SRS648293,GTEX.144GL.1226.SM.5O9A4,1,Thyroid,RNA Seq (NGS),male,NIT,144GL_NIT
SRX582926,SRS631250,GTEX.144GM.0226.SM.5Q5CB,1,Thyroid,RNA Seq (NGS),male,NIT,144GM_NIT
SRX601331,SRS638088,GTEX.144GO.0126.SM.5LUAO,1,Thyroid,RNA Seq (NGS),male,NIT,144GO_NIT
SRX605637,SRS639284,GTEX.145LU.0426.SM.5O9AH,1,Thyroid,RNA Seq (NGS),male,NIT,145LU_NIT
SRX636919,SRS649624,GTEX.145ME.0126.SM.5S2QM,1,Thyroid,RNA Seq (NGS),female,NIT,145ME_NIT
SRX590930,SRS634769,GTEX.145MG.0826.SM.5Q5C2,1,Thyroid,RNA Seq (NGS),male,NIT,145MG_NIT
SRX589853,SRS634351,GTEX.145MH.0426.SM.5LU8T,1,Thyroid,RNA Seq (NGS),male,NIT,145MH_NIT
SRX603589,SRS638544,GTEX.145MI.1126.SM.5O9AK,1,Thyroid,RNA Seq (NGS),female,NIT,145MI_NIT
SRX632747,SRS648687,GTEX.146FQ.0726.SM.5LUA7,1,Thyroid,Allele-Specific Expression,male,NIT,146FQ_NIT
SRX634070,SRS648837,GTEX.146FR.0326.SM.5SI8U,1,Thyroid,Allele-Specific Expression,female,NIT,146FR_NIT
SRX597006,SRS637039,GTEX.14753.0926.SM.5Q5BI,1,Thyroid,RNA Seq (NGS),male,NIT,14753_NIT
SRX628442,SRS648200,GTEX.147F4.0826.SM.5QGRB,1,Thyroid,Allele-Specific Expression,male,NIT,147F4_NIT
SRX627705,SRS648114,GTEX.147GR.0726.SM.5S2PL,1,Thyroid,RNA Seq (NGS),male,NIT,147GR_NIT
SRX576731,SRS629425,GTEX.148VJ.0726.SM.5LU8J,1,Thyroid,Allele-Specific Expression,male,NIT,148VJ_NIT
SRX575960,SRS629301,GTEX.1497J.0126.SM.5Q5BK,1,Thyroid,Allele-Specific Expression,male,NIT,1497J_NIT
SRX622967,SRS645816,GTEX.14A5H.0726.SM.5Q5DW,1,Thyroid,RNA Seq (NGS),male,NIT,14A5H_NIT
SRX571641,SRS627787,GTEX.14A6H.2426.SM.5Q5BO,1,Thyroid,Allele-Specific Expression,male,NIT,14A6H_NIT
SRX575932,SRS629299,GTEX.14ABY.0926.SM.5Q5DY,3,Thyroid,Allele-Specific Expression,male,ELI,14ABY_ELI
SRX607358,SRS639491,GTEX.14AS3.0226.SM.5Q5B6,3,Thyroid,RNA Seq (NGS),female,ELI,14AS3_ELI
SRX595510,SRS636352,GTEX.14ASI.0726.SM.5Q5DC,1,Thyroid,RNA Seq (NGS),male,NIT,14ASI_NIT
SRX568916,SRS627158,GTEX.14BMU.0226.SM.5S2QA,3,Thyroid,Allele-Specific Expression,female,ELI,14BMU_ELI
SRX598380,SRS637638,GTEX.14C38.0826.SM.5S2U8,1,Thyroid,Allele-Specific Expression,male,NIT,14C38_NIT
SRX594429,SRS636104,GTEX.14E6C.2626.SM.5RQJP,1,Thyroid,RNA Seq (NGS),male,NIT,14E6C_NIT
SRX584125,SRS631452,GTEX.14ICL.0426.SM.5RQJ3,1,Thyroid,RNA Seq (NGS),male,NIT,14ICL_NIT
SRX199265,SRS333444,GTEX.N7MS.2326.SM.2HMLD,1,Thyroid,RNA Seq (NGS),male,NIT,N7MS._NIT
SRX199543,SRS333555,GTEX.NFK9.0726.SM.2HMJW,1,Thyroid,RNA Seq (NGS),male,NIT,NFK9._NIT
SRX199228,SRS333389,GTEX.OHPK.2626.SM.2HMK9,1,Thyroid,Allele-Specific Expression,female,NIT,OHPK._NIT
SRX261963,SRS408895,GTEX.OHPM.2626.SM.33HC5,1,Thyroid,RNA Seq (NGS),male,NIT,OHPM._NIT
SRX203686,SRS374813,GTEX.OIZG.0226.SM.2TC5L,1,Thyroid,RNA Seq (NGS),male,NIT,OIZG._NIT
SRX260160,SRS408237,GTEX.OIZI.0726.SM.2XCEI,1,Thyroid,Allele-Specific Expression,male,NIT,OIZI._NIT
SRX199595,SRS333450,GTEX.OXRK.0626.SM.2HMJ5,1,Thyroid,RNA Seq (NGS),female,NIT,OXRK._NIT
SRX199314,SRS333050,GTEX.OXRL.2626.SM.2I3F1,1,Thyroid,RNA Seq (NGS),male,NIT,OXRL._NIT
SRX418741,SRS525999,GTEX.OXRO.1226.SM.48TDL,1,Thyroid,RNA Seq (NGS),female,NIT,OXRO._NIT
SRX221693,SRS389159,GTEX.OXRP.0326.SM.33HBJ,2,Thyroid,RNA Seq (NGS),female,SFI,OXRP._SFI
SRX221268,SRS389019,GTEX.P4PQ.2626.SM.33HC9,1,Thyroid,Allele-Specific Expression,male,NIT,P4PQ._NIT
SRX199576,SRS333501,GTEX.P4QS.2626.SM.2I3EV,1,Thyroid,Allele-Specific Expression,male,NIT,P4QS._NIT
SRX198142,SRS333268,GTEX.P4QT.2626.SM.2I3FM,1,Thyroid,Allele-Specific Expression,female,NIT,P4QT._NIT
SRX198253,SRS333514,GTEX.P78B.0526.SM.2I5F7,2,Thyroid,Allele-Specific Expression,female,SFI,P78B._SFI
SRX199272,SRS333099,GTEX.PLZ4.1226.SM.2I5FE,3,Thyroid,RNA Seq (NGS),female,ELI,PLZ4._ELI
SRX199118,SRS333296,GTEX.PWN1.2626.SM.2I3FH,1,Thyroid,Allele-Specific Expression,female,NIT,PWN1._NIT
SRX199266,SRS333318,GTEX.PX3G.2626.SM.2I3EG,1,Thyroid,RNA Seq (NGS),female,NIT,PX3G._NIT
SRX199489,SRS333434,GTEX.Q2AG.0826.SM.2HMKF,1,Thyroid,Allele-Specific Expression,female,NIT,Q2AG._NIT
SRX199518,SRS333107,GTEX.Q2AH.0726.SM.2I3EA,2,Thyroid,Allele-Specific Expression,male,SFI,Q2AH._SFI
SRX198205,SRS333481,GTEX.Q2AI.0326.SM.2I3EK,1,Thyroid,Allele-Specific Expression,male,NIT,Q2AI._NIT
SRX199619,SRS333021,GTEX.Q734.0526.SM.2I3EH,1,Thyroid,RNA Seq (NGS),female,NIT,Q734._NIT
SRX199505,SRS333210,GTEX.QDVJ.0226.SM.2I5FV,1,Thyroid,Allele-Specific Expression,male,NIT,QDVJ._NIT
SRX199142,SRS333029,GTEX.QDVN.0626.SM.2I3FP,1,Thyroid,RNA Seq (NGS),male,NIT,QDVN._NIT
SRX198113,SRS333100,GTEX.QEG5.0826.SM.2I5GF,1,Thyroid,Allele-Specific Expression,male,NIT,QEG5._NIT
SRX222777,SRS389744,GTEX.QEL4.0726.SM.3GIJ5,1,Thyroid,Allele-Specific Expression,male,NIT,QEL4._NIT
SRX198185,SRS333004,GTEX.QLQ7.0726.SM.2I5G2,2,Thyroid,RNA Seq (NGS),male,SFI,QLQ7._SFI
SRX222627,SRS389690,GTEX.QV31.0726.SM.3GAEG,1,Thyroid,Allele-Specific Expression,male,NIT,QV31._NIT
SRX203980,SRS374948,GTEX.QV44.0826.SM.2S1RG,1,Thyroid,Allele-Specific Expression,male,NIT,QV44._NIT
SRX203754,SRS374845,GTEX.QXCU.0326.SM.2TC63,1,Thyroid,RNA Seq (NGS),male,NIT,QXCU._NIT
SRX221302,SRS389031,GTEX.R3RS.0726.SM.3GIJR,1,Thyroid,Allele-Specific Expression,female,NIT,R3RS._NIT
SRX222356,SRS389601,GTEX.R53T.0526.SM.3GADL,1,Thyroid,Allele-Specific Expression,female,NIT,R53T._NIT
SRX204008,SRS374961,GTEX.R55C.0626.SM.2TF4Q,2,Thyroid,Allele-Specific Expression,male,SFI,R55C._SFI
SRX203531,SRS374739,GTEX.R55E.0826.SM.2TC5M,2,Thyroid,Allele-Specific Expression,male,SFI,R55E._SFI
SRX204036,SRS374975,GTEX.R55G.0726.SM.2TC6J,3,Thyroid,RNA Seq (NGS),female,ELI,R55G._ELI
SRX203936,SRS374928,GTEX.REY6.0526.SM.2TF5M,1,Thyroid,Allele-Specific Expression,male,NIT,REY6._NIT
SRX203696,SRS374817,GTEX.RM2N.0526.SM.2TF4N,2,Thyroid,RNA Seq (NGS),male,SFI,RM2N._SFI
SRX203875,SRS374900,GTEX.RN64.0626.SM.2TC5V,1,Thyroid,Allele-Specific Expression,male,NIT,RN64._NIT
SRX203566,SRS374756,GTEX.RNOR.0926.SM.2TF56,1,Thyroid,RNA Seq (NGS),female,NIT,RNOR._NIT
SRX624095,SRS645941,GTEX.RTLS.0626.SM.5SI7Z,1,Thyroid,Allele-Specific Expression,female,NIT,RTLS._NIT
SRX203921,SRS374921,GTEX.RU1J.0226.SM.2TF5Y,1,Thyroid,RNA Seq (NGS),female,NIT,RU1J._NIT
SRX203988,SRS374952,GTEX.RU72.0126.SM.2TF6Z,1,Thyroid,Allele-Specific Expression,female,NIT,RU72._NIT
SRX203960,SRS374939,GTEX.RUSQ.1026.SM.2TF6V,1,Thyroid,RNA Seq (NGS),male,NIT,RUSQ._NIT
SRX203831,SRS374879,GTEX.RVPV.1226.SM.2TF73,1,Thyroid,RNA Seq (NGS),male,NIT,RVPV._NIT
SRX223034,SRS389830,GTEX.RWS6.0626.SM.2XCAS,1,Thyroid,RNA Seq (NGS),female,NIT,RWS6._NIT
SRX222720,SRS389727,GTEX.RWSA.0826.SM.2XCBF,1,Thyroid,RNA Seq (NGS),male,NIT,RWSA._NIT
SRX221576,SRS389117,GTEX.S32W.0726.SM.2XCBL,1,Thyroid,Allele-Specific Expression,female,NIT,S32W._NIT
SRX622888,SRS645805,GTEX.S341.0226.SM.5S2VG,2,Thyroid,RNA Seq (NGS),female,SFI,S341._SFI
SRX221539,SRS389105,GTEX.S7SE.0726.SM.2XCD7,1,Thyroid,RNA Seq (NGS),male,NIT,S7SE._NIT
SRX633885,SRS648815,GTEX.S7SF.0226.SM.5SI7H,1,Thyroid,Allele-Specific Expression,female,NIT,S7SF._NIT
SRX407017,SRS524393,GTEX.SE5C.0726.SM.4BRWY,1,Thyroid,Allele-Specific Expression,female,NIT,SE5C._NIT
SRX223043,SRS389833,GTEX.SIU8.0626.SM.2XCDN,2,Thyroid,Allele-Specific Expression,male,SFI,SIU8._SFI
SRX223447,SRS389961,GTEX.SJXC.0726.SM.2XCFJ,1,Thyroid,RNA Seq (NGS),male,NIT,SJXC._NIT
SRX222533,SRS389662,GTEX.T2IS.0626.SM.32QP6,1,Thyroid,Allele-Specific Expression,female,NIT,T2IS._NIT
SRX223301,SRS389914,GTEX.T5JW.1226.SM.3GACY,2,Thyroid,Allele-Specific Expression,female,SFI,T5JW._SFI
SRX222293,SRS389583,GTEX.T6MN.0626.SM.32PM9,1,Thyroid,Allele-Specific Expression,male,NIT,T6MN._NIT
SRX222879,SRS389777,GTEX.T6MO.0226.SM.32QOL,1,Thyroid,Allele-Specific Expression,female,NIT,T6MO._NIT
SRX221407,SRS389066,GTEX.T8EM.0226.SM.3DB7C,1,Thyroid,RNA Seq (NGS),male,NIT,T8EM._NIT
SRX222167,SRS389523,GTEX.TKQ1.0126.SM.33HB3,2,Thyroid,RNA Seq (NGS),male,SFI,TKQ1._SFI
SRX222429,SRS389623,GTEX.TMMY.0826.SM.33HB9,3,Thyroid,Allele-Specific Expression,female,ELI,TMMY._ELI
SRX221390,SRS389060,GTEX.TSE9.0626.SM.3DB8B,2,Thyroid,RNA Seq (NGS),female,SFI,TSE9._SFI
SRX221550,SRS389110,GTEX.U8T8.2326.SM.3DB96,1,Thyroid,Allele-Specific Expression,male,NIT,U8T8._NIT
SRX223390,SRS389944,GTEX.VUSG.0426.SM.3GIKD,1,Thyroid,Allele-Specific Expression,male,NIT,VUSG._NIT
SRX221368,SRS389054,GTEX.W5X1.0426.SM.3GILB,1,Thyroid,Allele-Specific Expression,female,NIT,W5X1._NIT
SRX260951,SRS408489,GTEX.WHPG.0226.SM.3NMB9,1,Thyroid,Allele-Specific Expression,male,NIT,WHPG._NIT
SRX261799,SRS408833,GTEX.WHSB.1626.SM.3LK6J,1,Thyroid,Allele-Specific Expression,male,NIT,WHSB._NIT
SRX564094,SRS625653,GTEX.WHSE.0626.SM.4RGNF,1,Thyroid,Allele-Specific Expression,male,NIT,WHSE._NIT
SRX259885,SRS408120,GTEX.WK11.0926.SM.3NMAU,1,Thyroid,Allele-Specific Expression,male,NIT,WK11._NIT
SRX261966,SRS408896,GTEX.WL46.0126.SM.3TW8I,1,Thyroid,Allele-Specific Expression,male,NIT,WL46._NIT
SRX260081,SRS408203,GTEX.WOFL.0726.SM.3MJG4,1,Thyroid,RNA Seq (NGS),male,NIT,WOFL._NIT
SRX260017,SRS408175,GTEX.WYBS.1926.SM.3NM8N,1,Thyroid,Allele-Specific Expression,female,NIT,WYBS._NIT
SRX261552,SRS408741,GTEX.WYJK.1626.SM.3NM9J,1,Thyroid,Allele-Specific Expression,male,NIT,WYJK._NIT
SRX260552,SRS408366,GTEX.WYVS.0326.SM.3NM9V,2,Thyroid,RNA Seq (NGS),female,SFI,WYVS._SFI
SRX261261,SRS408615,GTEX.X15G.0526.SM.3NMB7,1,Thyroid,Allele-Specific Expression,female,NIT,X15G._NIT
SRX407742,SRS524447,GTEX.X4XY.0826.SM.4E3JM,1,Thyroid,Allele-Specific Expression,male,NIT,X4XY._NIT
SRX416834,SRS525320,GTEX.X8HC.0726.SM.46MWG,1,Thyroid,RNA Seq (NGS),female,NIT,X8HC._NIT
SRX415934,SRS525222,GTEX.XBED.0126.SM.47JY7,1,Thyroid,Allele-Specific Expression,male,NIT,XBED._NIT
SRX405750,SRS524284,GTEX.XBEW.0126.SM.4AT66,1,Thyroid,Allele-Specific Expression,male,NIT,XBEW._NIT
SRX415902,SRS525220,GTEX.XGQ4.0426.SM.4AT4I,1,Thyroid,RNA Seq (NGS),male,NIT,XGQ4._NIT
SRX411996,SRS524824,GTEX.XLM4.0726.SM.4AT64,1,Thyroid,RNA Seq (NGS),male,NIT,XLM4._NIT
SRX407488,SRS524425,GTEX.XMK1.0626.SM.4B65A,2,Thyroid,RNA Seq (NGS),male,SFI,XMK1._SFI
SRX420633,SRS526240,GTEX.XUW1.1026.SM.4BONY,1,Thyroid,Allele-Specific Expression,female,NIT,XUW1._NIT
SRX408795,SRS524547,GTEX.XUZC.0126.SM.4BOO6,1,Thyroid,RNA Seq (NGS),female,NIT,XUZC._NIT
SRX406977,SRS524390,GTEX.XV7Q.0326.SM.4BRVM,1,Thyroid,RNA Seq (NGS),female,NIT,XV7Q._NIT
SRX415488,SRS525185,GTEX.XXEK.1326.SM.4BRV1,1,Thyroid,RNA Seq (NGS),male,NIT,XXEK._NIT
SRX418808,SRS526005,GTEX.XYKS.0826.SM.4BRVF,1,Thyroid,RNA Seq (NGS),female,NIT,XYKS._NIT
SRX575447,SRS629232,GTEX.Y111.1926.SM.4SOIS,1,Thyroid,RNA Seq (NGS),male,NIT,Y111._NIT
SRX624364,SRS645974,GTEX.Y114.0626.SM.4TT98,1,Thyroid,Allele-Specific Expression,female,NIT,Y114._NIT
SRX564506,SRS625717,GTEX.Y3IK.0526.SM.4WWE3,1,Thyroid,Allele-Specific Expression,female,NIT,Y3IK._NIT
SRX570424,SRS627519,GTEX.Y5LM.0626.SM.4V6G4,1,Thyroid,Allele-Specific Expression,female,NIT,Y5LM._NIT
SRX569265,SRS627199,GTEX.Y5V5.0326.SM.5RQJG,1,Thyroid,RNA Seq (NGS),female,NIT,Y5V5._NIT
SRX565433,SRS626184,GTEX.Y5V6.0526.SM.4VBRV,2,Thyroid,RNA Seq (NGS),male,SFI,Y5V6._SFI
SRX590541,SRS634561,GTEX.Y8E4.0126.SM.4VBQ2,1,Thyroid,RNA Seq (NGS),male,NIT,Y8E4._NIT
SRX619180,SRS644664,GTEX.Y9LG.0426.SM.4VBRT,1,Thyroid,Allele-Specific Expression,male,NIT,Y9LG._NIT
SRX596018,SRS636565,GTEX.YB5E.0626.SM.4VDSE,1,Thyroid,Allele-Specific Expression,male,NIT,YB5E._NIT
SRX579985,SRS629884,GTEX.YB5K.0526.SM.5LUAS,1,Thyroid,Allele-Specific Expression,female,NIT,YB5K._NIT
SRX640007,SRS650067,GTEX.YEC3.0826.SM.4WWFP,1,Thyroid,Allele-Specific Expression,male,NIT,YEC3._NIT
SRX574688,SRS628802,GTEX.YEC4.0626.SM.5CVLU,1,Thyroid,RNA Seq (NGS),male,NIT,YEC4._NIT
SRX634501,SRS648888,GTEX.YF7O.0726.SM.4W213,1,Thyroid,RNA Seq (NGS),male,NIT,YF7O._NIT
SRX615373,SRS644099,GTEX.YFC4.2626.SM.5P9FQ,3,Thyroid,Allele-Specific Expression,female,ELI,YFC4._ELI
SRX630577,SRS648438,GTEX.YFCO.0326.SM.4W1ZP,2,Thyroid,Allele-Specific Expression,male,SFI,YFCO._SFI
SRX583148,SRS631283,GTEX.YJ89.0726.SM.5P9F7,3,Thyroid,RNA Seq (NGS),male,ELI,YJ89._ELI
SRX573699,SRS628387,GTEX.Z9EW.0226.SM.5CVM7,1,Thyroid,Allele-Specific Expression,male,NIT,Z9EW._NIT
SRX596015,SRS636564,GTEX.ZA64.0426.SM.5HL96,1,Thyroid,RNA Seq (NGS),male,NIT,ZA64._NIT
SRX594942,SRS636243,GTEX.ZAB5.0726.SM.5P9JG,1,Thyroid,Allele-Specific Expression,male,NIT,ZAB5._NIT
SRX572955,SRS627955,GTEX.ZAJG.0726.SM.5HL9A,1,Thyroid,Allele-Specific Expression,female,NIT,ZAJG._NIT
SRX624388,SRS645976,GTEX.ZAK1.0726.SM.5HL8Q,1,Thyroid,RNA Seq (NGS),female,NIT,ZAK1._NIT
SRX577234,SRS629488,GTEX.ZC5H.0626.SM.5LU9K,1,Thyroid,RNA Seq (NGS),female,NIT,ZC5H._NIT
SRX605489,SRS639266,GTEX.ZDYS.0626.SM.5J2N5,1,Thyroid,RNA Seq (NGS),male,NIT,ZDYS._NIT
SRX596158,SRS636581,GTEX.ZE7O.1126.SM.57WC8,2,Thyroid,Allele-Specific Expression,female,SFI,ZE7O._SFI
SRX630003,SRS648367,GTEX.ZF28.0826.SM.4WKGJ,1,Thyroid,RNA Seq (NGS),male,NIT,ZF28._NIT
SRX566542,SRS626609,GTEX.ZGAY.1026.SM.4WWBR,1,Thyroid,RNA Seq (NGS),female,NIT,ZGAY._NIT
SRX615239,SRS644081,GTEX.ZLFU.0626.SM.4WWBO,1,Thyroid,RNA Seq (NGS),male,NIT,ZLFU._NIT
SRX597594,SRS637292,GTEX.ZLV1.0126.SM.4WWBZ,2,Thyroid,Allele-Specific Expression,female,SFI,ZLV1._SFI
SRX640567,SRS650126,GTEX.ZLWG.0526.SM.4WWFB,1,Thyroid,Allele-Specific Expression,female,NIT,ZLWG._NIT
SRX603800,SRS638569,GTEX.ZPCL.0126.SM.4WWC8,1,Thyroid,Allele-Specific Expression,female,NIT,ZPCL._NIT
SRX585167,SRS631757,GTEX.ZPU1.0426.SM.4WWCA,1,Thyroid,Allele-Specific Expression,male,NIT,ZPU1._NIT
SRX602007,SRS638190,GTEX.ZQG8.0926.SM.57WFF,1,Thyroid,RNA Seq (NGS),female,NIT,ZQG8._NIT
SRX615909,SRS644169,GTEX.ZT9W.0226.SM.4YCCZ,1,Thyroid,RNA Seq (NGS),male,NIT,ZT9W._NIT
SRX623364,SRS645859,GTEX.ZT9X.0226.SM.51MT2,1,Thyroid,Allele-Specific Expression,male,NIT,ZT9X._NIT
SRX576876,SRS629440,GTEX.ZTPG.0826.SM.5DUVC,1,Thyroid,RNA Seq (NGS),female,NIT,ZTPG._NIT
SRX629695,SRS648336,GTEX.ZTSS.0226.SM.59877,1,Thyroid,Allele-Specific Expression,male,NIT,ZTSS._NIT
SRX625353,SRS646077,GTEX.ZTX8.0626.SM.59HKC,1,Thyroid,RNA Seq (NGS),male,NIT,ZTX8._NIT
SRX598811,SRS637706,GTEX.ZUA1.0926.SM.4YCDX,1,Thyroid,Allele-Specific Expression,male,NIT,ZUA1._NIT
SRX584293,SRS631472,GTEX.ZV6S.0226.SM.59HJT,1,Thyroid,Allele-Specific Expression,female,NIT,ZV6S._NIT
SRX615716,SRS644145,GTEX.ZV7C.0126.SM.57WDE,1,Thyroid,RNA Seq (NGS),male,NIT,ZV7C._NIT
SRX624616,SRS646000,GTEX.ZVP2.0426.SM.57WC2,1,Thyroid,RNA Seq (NGS),male,NIT,ZVP2._NIT
SRX584212,SRS631462,GTEX.ZVT3.0726.SM.5GICN,1,Thyroid,Allele-Specific Expression,female,NIT,ZVT3._NIT
SRX567491,SRS626943,GTEX.ZVZP.1026.SM.5GICI,1,Thyroid,RNA Seq (NGS),male,NIT,ZVZP._NIT
SRX615023,SRS644053,GTEX.ZVZQ.0626.SM.59HJU,1,Thyroid,Allele-Specific Expression,female,NIT,ZVZQ._NIT
SRX576454,SRS629389,GTEX.ZXG5.0926.SM.5NQ8H,1,Thyroid,Allele-Specific Expression,male,NIT,ZXG5._NIT
SRX605150,SRS639220,GTEX.ZY6K.0226.SM.5SIAY,1,Thyroid,Allele-Specific Expression,male,NIT,ZY6K._NIT
SRX617508,SRS644461,GTEX.ZYFC.0926.SM.5GZWW,1,Thyroid,RNA Seq (NGS),male,NIT,ZYFC._NIT
SRX571884,SRS627817,GTEX.ZYFD.0826.SM.5NQ9A,1,Thyroid,Allele-Specific Expression,male,NIT,ZYFD._NIT
SRX580476,SRS629959,GTEX.ZYFG.0626.SM.5GZYA,1,Thyroid,RNA Seq (NGS),female,NIT,ZYFG._NIT
SRX591390,SRS634855,GTEX.ZYT6.0426.SM.5GID3,1,Thyroid,RNA Seq (NGS),male,NIT,ZYT6._NIT
SRX577086,SRS629471,GTEX.ZYVF.1126.SM.5E458,2,Thyroid,Allele-Specific Expression,female,SFI,ZYVF._SFI
SRX617567,SRS644468,GTEX.ZYW4.1126.SM.5SI99,1,Thyroid,RNA Seq (NGS),male,NIT,ZYW4._NIT
SRX568364,SRS627095,GTEX.ZYY3.1926.SM.5GZXS,3,Thyroid,Allele-Specific Expression,female,ELI,ZYY3._ELI
SRX576863,SRS629439,GTEX.ZZ64.0126.SM.5GZXA,1,Thyroid,Allele-Specific Expression,male,NIT,ZZ64._NIT
SRX576467,SRS629390,GTEX.ZZPU.1326.SM.5GZWS,1,Thyroid,RNA Seq (NGS),female,NIT,ZZPU._NIT
